pcp_index,site,parent_aa,child_aa,surprise_mutsel,surprise_neutral,selection_contribution,log_selection_factor,family,sample_id,depth,num_codon_changes,surprise_mutsel_theoretical
19,15,G,R,3.838421803536205,2.991370232542433,0.8470515709937718,-0.8470515012741089,203694-igk-203694,d4,7,1,3.838421803536205
19,22,A,T,2.1903073276614378,2.8060486681345433,-0.6157413404731056,0.6157413721084595,203694-igk-203694,d4,7,1,1.8522322653259677
19,23,A,T,3.1910288461488214,3.5758275120808727,-0.38479866593205125,0.38479870557785034,203694-igk-203694,d4,7,1,3.1910288461488214
19,26,F,L,3.088485705133298,2.31468629500258,0.7737994101307177,-0.7737993001937866,203694-igk-203694,d4,7,1,3.088485705133298
19,27,T,S,1.6808428048755342,2.0893359446746174,-0.4084931397990832,0.40849316120147705,203694-igk-203694,d4,7,1,2.8313495683429335
19,47,V,I,1.6127126428862728,1.8263456480707485,-0.2136330051844757,0.21363309025764465,203694-igk-203694,d4,7,1,1.6127126428862728
19,52,R,T,3.9212902135862833,3.173840623369794,0.7474495902164895,-0.7474495768547058,203694-igk-203694,d4,7,1,3.9212902135862833
19,56,I,R,4.220231571216789,4.724215679970251,-0.5039841087534622,0.5039837956428528,203694-igk-203694,d4,7,2,2.1029550249470046
19,58,H,Q,2.5774505691181178,2.6121038479358774,-0.03465327881775959,0.03465315327048302,203694-igk-203694,d4,7,1,2.953074211388444
19,78,L,V,1.8429626203590381,2.283826695057948,-0.44086407469890987,0.44086411595344543,203694-igk-203694,d4,7,1,1.8429626203590381
19,82,M,I,3.6466770632157037,2.6549222535712924,0.9917548096444113,-0.9917547702789307,203694-igk-203694,d4,7,1,3.340870062917861
19,83,N,S,2.366679697809902,2.231366043875733,0.13531365393416905,-0.13531368970870972,203694-igk-203694,d4,7,1,2.226511452554593
19,84,S,G,3.2833317572468737,2.8312322537299113,0.4520995035169624,-0.4520995020866394,203694-igk-203694,d4,7,1,3.5849944293024567
19,87,A,V,1.2735162081028895,1.785271170383436,-0.5117549622805466,0.511755108833313,203694-igk-203694,d4,7,1,1.2735162081028895
19,88,E,D,2.206164180006024,2.1791737239314797,0.026990456074544422,-0.026990408077836037,203694-igk-203694,d4,7,1,2.206164180006024
19,92,V,F,4.830212012397386,3.0702234302603175,1.7599885821370682,-1.759988784790039,203694-igk-203694,d4,7,1,1.491204526032056
19,97,S,T,2.4231299800775603,2.7615347307665936,-0.3384047506890333,0.3384048044681549,203694-igk-203694,d4,7,2,2.0907254813160883
19,100,Y,S,2.601288133532813,2.69224253542961,-0.09095440189679671,0.09095444530248642,203694-igk-203694,d4,7,1,2.8242682791218443
19,102,T,P,3.1417210959496122,2.8429076072142765,0.29881348873533575,-0.29881352186203003,203694-igk-203694,d4,7,1,2.2498730117463133
19,103,N,G,3.5126375347636585,4.058955097154729,-0.5463175623910703,0.5463176369667053,203694-igk-203694,d4,7,2,2.061280459259003
19,105,V,G,2.897390924875392,3.1816744449009335,-0.2842835200255416,0.28428345918655396,203694-igk-203694,d4,7,1,2.897390924875392
19,107,H,P,2.723132729099779,2.9564458478658393,-0.23331311876606042,0.23331308364868164,203694-igk-203694,d4,7,1,3.0620562354515726
19,108,N,D,2.371826175186778,2.5242752768455494,-0.15244910165877146,0.15244914591312408,203694-igk-203694,d4,7,1,3.7873680010655715
19,114,H,Y,2.7352435672343334,2.3072195564605154,0.428024010773818,-0.4280241131782532,203694-igk-203694,d4,7,1,3.1175184371593394
19,119,T,I,5.067258864132672,3.351355531596763,1.715903332535909,-1.7159031629562378,203694-igk-203694,d4,7,1,3.8446267733962896
19,120,L,P,3.0621208848242896,3.3125897761232643,-0.25046889129897476,0.2504689395427704,203694-igk-203694,d4,7,1,3.0621208848242896
56,26,G,D,3.305742778041302,2.0608953933055565,1.2448473847357455,-1.2448471784591675,192491-igk-192491,d3,8,1,3.1897565395425125
56,30,S,N,3.3815630096422904,2.4784308758749907,0.9031321337672997,-0.9031322002410889,192491-igk-192491,d3,8,1,4.452369659878495
56,51,Y,H,3.907955471308774,3.184857967700803,0.723097503607971,-0.723097562789917,192491-igk-192491,d3,8,1,3.894083809245503
56,52,N,S,3.3004791552677504,2.629684720455529,0.6707944348122212,-0.6707946062088013,192491-igk-192491,d3,8,1,3.3004791552677504
56,56,T,A,3.503696709742434,3.0877117777911285,0.41598493195130537,-0.4159848988056183,192491-igk-192491,d3,8,1,3.503696709742434
56,64,S,N,4.182329260782438,4.296273804184067,-0.11394454340162952,0.11394459754228592,192491-igk-192491,d3,8,1,4.261170302841237
56,70,I,L,3.3255686480620477,2.7070123375500046,0.6185563105120431,-0.6185563802719116,192491-igk-192491,d3,8,1,3.3255686480620477
56,81,V,M,2.833960279152024,3.433593742234441,-0.5996334630824172,0.5996333956718445,192491-igk-192491,d3,8,1,2.833960279152024
56,100,L,A,5.425729514570693,5.172326401867718,0.25340311270297544,-0.2534030079841614,192491-igk-192491,d3,8,2,2.7745354558510193
56,104,S,T,3.1329337110597972,3.052970979826881,0.07996273123291608,-0.07996275275945663,192491-igk-192491,d3,8,1,3.561726653476274
56,114,F,L,3.9068093153661807,3.033057675390189,0.8737516399759917,-0.8737515807151794,192491-igk-192491,d3,8,1,5.606170647380565
